Title,Image Link,image
Premium quality Mash Febrics T-shirt,https://static-01.daraz.com.bd/p/1e8c07f74e3d257a6fecfea9de837675.jpg,https://static-01.daraz.com.bd/p/1e8c07f74e3d257a6fecfea9de837675.jpg
Ek diner Kosai Half Sleeve eid special t--shirt for men,https://static-01.daraz.com.bd/p/916a75d7b3b97517a77780d352c2e61a.jpg,https://static-01.daraz.com.bd/p/916a75d7b3b97517a77780d352c2e61a.jpg
Stylish Exclusive real mirror Anarkali Gown Premium Quality 280 Ger,https://static-01.daraz.com.bd/p/b3eac20487e88663add14edba53943a1.jpg,https://static-01.daraz.com.bd/p/b3eac20487e88663add14edba53943a1.jpg
Cotton Mens New design semilong fasionable Only panjabi,https://static-01.daraz.com.bd/p/983cdf8c2a55a7b1545273a4a91952e0.jpg,https://static-01.daraz.com.bd/p/983cdf8c2a55a7b1545273a4a91952e0.jpg
Gents World Premium Quality Panjabi Green,https://static-01.daraz.com.bd/p/2c94da325b8b1f40486ff0de8fa25825.png,https://static-01.daraz.com.bd/p/2c94da325b8b1f40486ff0de8fa25825.png
Never Underestimate THE POWER OF Dua najabahbd Islamic T-shirt. black and navy blue dawya t-shirt,https://static-01.daraz.com.bd/p/38b75fb3fbda44cdd1831a91ce15d4b0.jpg,https://static-01.daraz.com.bd/p/38b75fb3fbda44cdd1831a91ce15d4b0.jpg
Stylish Semi Long Cotton Panjabi for Men,https://static-01.daraz.com.bd/p/30b97006a05a94feb9d3176ceec87bc6.jpg,https://static-01.daraz.com.bd/p/30b97006a05a94feb9d3176ceec87bc6.jpg
Men's Indian Cotton Panjabi,https://static-01.daraz.com.bd/p/5691be7c5229cbf713b41caacbfb47d5.jpg,https://static-01.daraz.com.bd/p/5691be7c5229cbf713b41caacbfb47d5.jpg
cotton panjabi,https://bd-live-21.slatic.net/kf/S527b2e57ad43464e94a0d0ecf756f2c6u.jpg,https://bd-live-21.slatic.net/kf/S527b2e57ad43464e94a0d0ecf756f2c6u.jpg
"Mens premium Quality, Semi long Punjabi Tenchil Cotton Punjabi",https://static-01.daraz.com.bd/p/d3890e8d8164a1bce08450c1c514ebd2.jpg,https://static-01.daraz.com.bd/p/d3890e8d8164a1bce08450c1c514ebd2.jpg
"Mens premium Quality, Semi long Punjabi Tenchil Cotton Punjabi",https://static-01.daraz.com.bd/p/6c792bc2106e095a45b73e4740f4dada.jpg,https://static-01.daraz.com.bd/p/6c792bc2106e095a45b73e4740f4dada.jpg
Premium Black Print Punjabi For Men,https://static-01.daraz.com.bd/p/c73c680faac2230a16de14b722d25493.jpg,https://static-01.daraz.com.bd/p/c73c680faac2230a16de14b722d25493.jpg
"Unstitched Toray Fabrics For Panjabi, Kurtas, Thobe, Kabli , Jubahs, Muslim Dress Men Wear",https://static-01.daraz.com.bd/p/89e581ea47240e40f199dd1f8527ecca.jpg,https://static-01.daraz.com.bd/p/89e581ea47240e40f199dd1f8527ecca.jpg
t shirt for Eid al-Adha (Ek Diner kosai ),https://static-01.daraz.com.bd/p/efccd426817f83f1c3b57a6243c99ba2.jpg,https://static-01.daraz.com.bd/p/efccd426817f83f1c3b57a6243c99ba2.jpg
Islamic t shirt,https://static-01.daraz.com.bd/p/9fe702381ef95dfd25af1b31f2f7f92f.jpg,https://static-01.daraz.com.bd/p/9fe702381ef95dfd25af1b31f2f7f92f.jpg
Stylish Semi Long Cotton Panjabi for Men 2023,https://static-01.daraz.com.bd/p/ae8d89648c4237c353eb6cf4c48c030e.jpg,https://static-01.daraz.com.bd/p/ae8d89648c4237c353eb6cf4c48c030e.jpg
cotton panjabi,https://bd-live-21.slatic.net/kf/Sd36148bc183c4357847e9c32d713c04a3.jpg,https://bd-live-21.slatic.net/kf/Sd36148bc183c4357847e9c32d713c04a3.jpg
টি শার্ট --আসসালামু আলাইকুম,https://static-01.daraz.com.bd/p/a8ea55b523fb0335eedd8eed3c145bda.jpg,https://static-01.daraz.com.bd/p/a8ea55b523fb0335eedd8eed3c145bda.jpg
Best Quality Panjabi For Men Cotton Cloth,https://static-01.daraz.com.bd/p/46ee32b97f00c9eb8ac51609b0dff637.jpg,https://static-01.daraz.com.bd/p/46ee32b97f00c9eb8ac51609b0dff637.jpg
Pakija cloth quality Punjabi,https://bd-live-21.slatic.net/kf/Sfee8f276076d4a09aada451d587232d5u.jpg,https://bd-live-21.slatic.net/kf/Sfee8f276076d4a09aada451d587232d5u.jpg
Stylish Cotton Semi Long Panjabi for Men,https://static-01.daraz.com.bd/p/e082032215e18aa6dcefaac23d0e119b.jpg,https://static-01.daraz.com.bd/p/e082032215e18aa6dcefaac23d0e119b.jpg
Chinlon men's Panjabi,https://static-01.daraz.com.bd/p/672fe29efeddcd321dd6efa291809e39.jpg,https://static-01.daraz.com.bd/p/672fe29efeddcd321dd6efa291809e39.jpg
Mad Koffee Eid-ul- Adha T-shirt - Printed White,https://static-01.daraz.com.bd/p/34ebfb4d75d47a48f8b4034df5703075.jpg,https://static-01.daraz.com.bd/p/34ebfb4d75d47a48f8b4034df5703075.jpg
Buttons for Panjabi Fashion Kurta for Men Women 1 paket,https://static-01.daraz.com.bd/p/3b204fb1e6810fe61fc6e82ea3a7efaf.jpg,https://static-01.daraz.com.bd/p/3b204fb1e6810fe61fc6e82ea3a7efaf.jpg
"Mens premium Quality, Semi long Punjabi Tenchil Cotton Punjabi",https://static-01.daraz.com.bd/p/bf4d3b4337d4f5e4bafabb7911f682a0.jpg,https://static-01.daraz.com.bd/p/bf4d3b4337d4f5e4bafabb7911f682a0.jpg
indian salman khan kotuya t-shirts,https://static-01.daraz.com.bd/p/1a568c60132f986388bb7adfb2b8d0b1.jpg,https://static-01.daraz.com.bd/p/1a568c60132f986388bb7adfb2b8d0b1.jpg
Grand Tex Man's premium quality shirt GT,https://bd-live-21.slatic.net/kf/S6fab664ff3cd4797a27963ea31985091e.jpg,https://bd-live-21.slatic.net/kf/S6fab664ff3cd4797a27963ea31985091e.jpg
New eid punjabi for man high quality punjabi,https://bd-live-21.slatic.net/kf/S20b48381b37d4f7c9f9acf47208123f1Z.jpg,https://bd-live-21.slatic.net/kf/S20b48381b37d4f7c9f9acf47208123f1Z.jpg
Premium Punjabi for men,https://static-01.daraz.com.bd/p/33295010a2ba8838b992956888b00515.jpg,https://static-01.daraz.com.bd/p/33295010a2ba8838b992956888b00515.jpg
Punjabi For Man Navy Blue,https://bd-live-21.slatic.net/kf/S0b3d40ca6b224c29abcb2a4c8234c5d1l.jpg,https://bd-live-21.slatic.net/kf/S0b3d40ca6b224c29abcb2a4c8234c5d1l.jpg
Mad Koffee Eid-ul- Adha T-shirt - Printed Black,https://static-01.daraz.com.bd/p/68510d1cbd10247399bcb58a289d0f78.jpg,https://static-01.daraz.com.bd/p/68510d1cbd10247399bcb58a289d0f78.jpg
Stylish Semi Long Cotton Panjabi for Men,https://static-01.daraz.com.bd/p/184ef4833ab0a187101d2bb50d2a084c.jpg,https://static-01.daraz.com.bd/p/184ef4833ab0a187101d2bb50d2a084c.jpg
Premium Quality Cotton Long Punjabi,https://static-01.daraz.com.bd/p/87753dd96f72757a8b79429ba1f94b6c.jpg,https://static-01.daraz.com.bd/p/87753dd96f72757a8b79429ba1f94b6c.jpg
Islam is my Deen Islamic t shirt,https://static-01.daraz.com.bd/p/a7df4f3c715f821d1947fc61062fb5a1.jpg,https://static-01.daraz.com.bd/p/a7df4f3c715f821d1947fc61062fb5a1.jpg
Stylish Semi Long Cotton Panjabi for Men 2023,https://static-01.daraz.com.bd/p/5f6e1e7e8219f826d2935e1b5252d766.jpg,https://static-01.daraz.com.bd/p/5f6e1e7e8219f826d2935e1b5252d766.jpg
stylish smart punjabi,https://bd-live-21.slatic.net/kf/S1be1ae92babc41a2b1ba24049cc6cb59Q.jpg,https://bd-live-21.slatic.net/kf/S1be1ae92babc41a2b1ba24049cc6cb59Q.jpg
Muslim Sky Bulo Half Sleeve T-Shirt For Men,https://static-01.daraz.com.bd/p/e8199f506f085dacc4194ffb914b8c43.jpg,https://static-01.daraz.com.bd/p/e8199f506f085dacc4194ffb914b8c43.jpg
Prithibi Amar Asol Thikana Noi Islamic T-Shirts For Men,https://static-01.daraz.com.bd/p/e1056828ff7baa237599e4ca79f4cc76.jpg,https://static-01.daraz.com.bd/p/e1056828ff7baa237599e4ca79f4cc76.jpg
punjabi foe man,https://bd-live-21.slatic.net/kf/Sf453733df66840b182a4ab15b3504fd1q.jpg,https://bd-live-21.slatic.net/kf/Sf453733df66840b182a4ab15b3504fd1q.jpg
High Quality Premium Panjabi,https://bd-live-21.slatic.net/kf/S1ec24c14714042b9b3a964e8402267afZ.jpg,https://bd-live-21.slatic.net/kf/S1ec24c14714042b9b3a964e8402267afZ.jpg
Premium quality Mash Febrics T-shirt,https://static-01.daraz.com.bd/p/1e8c07f74e3d257a6fecfea9de837675.jpg,https://static-01.daraz.com.bd/p/1e8c07f74e3d257a6fecfea9de837675.jpg
Ek diner Kosai Half Sleeve eid special t--shirt for men,https://static-01.daraz.com.bd/p/916a75d7b3b97517a77780d352c2e61a.jpg,https://static-01.daraz.com.bd/p/916a75d7b3b97517a77780d352c2e61a.jpg
Stylish Exclusive real mirror Anarkali Gown Premium Quality 280 Ger,https://static-01.daraz.com.bd/p/b3eac20487e88663add14edba53943a1.jpg,https://static-01.daraz.com.bd/p/b3eac20487e88663add14edba53943a1.jpg
Cotton Mens New design semilong fasionable Only panjabi,https://static-01.daraz.com.bd/p/983cdf8c2a55a7b1545273a4a91952e0.jpg,https://static-01.daraz.com.bd/p/983cdf8c2a55a7b1545273a4a91952e0.jpg
Gents World Premium Quality Panjabi Green,https://static-01.daraz.com.bd/p/2c94da325b8b1f40486ff0de8fa25825.png,https://static-01.daraz.com.bd/p/2c94da325b8b1f40486ff0de8fa25825.png
Never Underestimate THE POWER OF Dua najabahbd Islamic T-shirt. black and navy blue dawya t-shirt,https://static-01.daraz.com.bd/p/38b75fb3fbda44cdd1831a91ce15d4b0.jpg,https://static-01.daraz.com.bd/p/38b75fb3fbda44cdd1831a91ce15d4b0.jpg
Stylish Semi Long Cotton Panjabi for Men,https://static-01.daraz.com.bd/p/30b97006a05a94feb9d3176ceec87bc6.jpg,https://static-01.daraz.com.bd/p/30b97006a05a94feb9d3176ceec87bc6.jpg
Men's Indian Cotton Panjabi,https://static-01.daraz.com.bd/p/5691be7c5229cbf713b41caacbfb47d5.jpg,https://static-01.daraz.com.bd/p/5691be7c5229cbf713b41caacbfb47d5.jpg
cotton panjabi,https://bd-live-21.slatic.net/kf/S527b2e57ad43464e94a0d0ecf756f2c6u.jpg,https://bd-live-21.slatic.net/kf/S527b2e57ad43464e94a0d0ecf756f2c6u.jpg
"Mens premium Quality, Semi long Punjabi Tenchil Cotton Punjabi",https://static-01.daraz.com.bd/p/d3890e8d8164a1bce08450c1c514ebd2.jpg,https://static-01.daraz.com.bd/p/d3890e8d8164a1bce08450c1c514ebd2.jpg
"Mens premium Quality, Semi long Punjabi Tenchil Cotton Punjabi",https://static-01.daraz.com.bd/p/6c792bc2106e095a45b73e4740f4dada.jpg,https://static-01.daraz.com.bd/p/6c792bc2106e095a45b73e4740f4dada.jpg
Premium Black Print Punjabi For Men,https://static-01.daraz.com.bd/p/c73c680faac2230a16de14b722d25493.jpg,https://static-01.daraz.com.bd/p/c73c680faac2230a16de14b722d25493.jpg
"Unstitched Toray Fabrics For Panjabi, Kurtas, Thobe, Kabli , Jubahs, Muslim Dress Men Wear",https://static-01.daraz.com.bd/p/89e581ea47240e40f199dd1f8527ecca.jpg,https://static-01.daraz.com.bd/p/89e581ea47240e40f199dd1f8527ecca.jpg
t shirt for Eid al-Adha (Ek Diner kosai ),https://static-01.daraz.com.bd/p/efccd426817f83f1c3b57a6243c99ba2.jpg,https://static-01.daraz.com.bd/p/efccd426817f83f1c3b57a6243c99ba2.jpg
Islamic t shirt,https://static-01.daraz.com.bd/p/9fe702381ef95dfd25af1b31f2f7f92f.jpg,https://static-01.daraz.com.bd/p/9fe702381ef95dfd25af1b31f2f7f92f.jpg
Stylish Semi Long Cotton Panjabi for Men 2023,https://static-01.daraz.com.bd/p/ae8d89648c4237c353eb6cf4c48c030e.jpg,https://static-01.daraz.com.bd/p/ae8d89648c4237c353eb6cf4c48c030e.jpg
cotton panjabi,https://bd-live-21.slatic.net/kf/Sd36148bc183c4357847e9c32d713c04a3.jpg,https://bd-live-21.slatic.net/kf/Sd36148bc183c4357847e9c32d713c04a3.jpg
টি শার্ট --আসসালামু আলাইকুম,https://static-01.daraz.com.bd/p/a8ea55b523fb0335eedd8eed3c145bda.jpg,https://static-01.daraz.com.bd/p/a8ea55b523fb0335eedd8eed3c145bda.jpg
Best Quality Panjabi For Men Cotton Cloth,https://static-01.daraz.com.bd/p/46ee32b97f00c9eb8ac51609b0dff637.jpg,https://static-01.daraz.com.bd/p/46ee32b97f00c9eb8ac51609b0dff637.jpg
Pakija cloth quality Punjabi,https://bd-live-21.slatic.net/kf/Sfee8f276076d4a09aada451d587232d5u.jpg,https://bd-live-21.slatic.net/kf/Sfee8f276076d4a09aada451d587232d5u.jpg
Stylish Cotton Semi Long Panjabi for Men,https://static-01.daraz.com.bd/p/e082032215e18aa6dcefaac23d0e119b.jpg,https://static-01.daraz.com.bd/p/e082032215e18aa6dcefaac23d0e119b.jpg
Chinlon men's Panjabi,https://static-01.daraz.com.bd/p/672fe29efeddcd321dd6efa291809e39.jpg,https://static-01.daraz.com.bd/p/672fe29efeddcd321dd6efa291809e39.jpg
Mad Koffee Eid-ul- Adha T-shirt - Printed White,https://static-01.daraz.com.bd/p/34ebfb4d75d47a48f8b4034df5703075.jpg,https://static-01.daraz.com.bd/p/34ebfb4d75d47a48f8b4034df5703075.jpg
Buttons for Panjabi Fashion Kurta for Men Women 1 paket,https://static-01.daraz.com.bd/p/3b204fb1e6810fe61fc6e82ea3a7efaf.jpg,https://static-01.daraz.com.bd/p/3b204fb1e6810fe61fc6e82ea3a7efaf.jpg
"Mens premium Quality, Semi long Punjabi Tenchil Cotton Punjabi",https://static-01.daraz.com.bd/p/bf4d3b4337d4f5e4bafabb7911f682a0.jpg,https://static-01.daraz.com.bd/p/bf4d3b4337d4f5e4bafabb7911f682a0.jpg
indian salman khan kotuya t-shirts,https://static-01.daraz.com.bd/p/1a568c60132f986388bb7adfb2b8d0b1.jpg,https://static-01.daraz.com.bd/p/1a568c60132f986388bb7adfb2b8d0b1.jpg
Grand Tex Man's premium quality shirt GT,https://bd-live-21.slatic.net/kf/S6fab664ff3cd4797a27963ea31985091e.jpg,https://bd-live-21.slatic.net/kf/S6fab664ff3cd4797a27963ea31985091e.jpg
New eid punjabi for man high quality punjabi,https://bd-live-21.slatic.net/kf/S20b48381b37d4f7c9f9acf47208123f1Z.jpg,https://bd-live-21.slatic.net/kf/S20b48381b37d4f7c9f9acf47208123f1Z.jpg
Premium Punjabi for men,https://static-01.daraz.com.bd/p/33295010a2ba8838b992956888b00515.jpg,https://static-01.daraz.com.bd/p/33295010a2ba8838b992956888b00515.jpg
Punjabi For Man Navy Blue,https://bd-live-21.slatic.net/kf/S0b3d40ca6b224c29abcb2a4c8234c5d1l.jpg,https://bd-live-21.slatic.net/kf/S0b3d40ca6b224c29abcb2a4c8234c5d1l.jpg
Mad Koffee Eid-ul- Adha T-shirt - Printed Black,https://static-01.daraz.com.bd/p/68510d1cbd10247399bcb58a289d0f78.jpg,https://static-01.daraz.com.bd/p/68510d1cbd10247399bcb58a289d0f78.jpg
Stylish Semi Long Cotton Panjabi for Men,https://static-01.daraz.com.bd/p/184ef4833ab0a187101d2bb50d2a084c.jpg,https://static-01.daraz.com.bd/p/184ef4833ab0a187101d2bb50d2a084c.jpg
Premium Quality Cotton Long Punjabi,https://static-01.daraz.com.bd/p/87753dd96f72757a8b79429ba1f94b6c.jpg,https://static-01.daraz.com.bd/p/87753dd96f72757a8b79429ba1f94b6c.jpg
Islam is my Deen Islamic t shirt,https://static-01.daraz.com.bd/p/a7df4f3c715f821d1947fc61062fb5a1.jpg,https://static-01.daraz.com.bd/p/a7df4f3c715f821d1947fc61062fb5a1.jpg
Stylish Semi Long Cotton Panjabi for Men 2023,https://static-01.daraz.com.bd/p/5f6e1e7e8219f826d2935e1b5252d766.jpg,https://static-01.daraz.com.bd/p/5f6e1e7e8219f826d2935e1b5252d766.jpg
stylish smart punjabi,https://bd-live-21.slatic.net/kf/S1be1ae92babc41a2b1ba24049cc6cb59Q.jpg,https://bd-live-21.slatic.net/kf/S1be1ae92babc41a2b1ba24049cc6cb59Q.jpg
Muslim Sky Bulo Half Sleeve T-Shirt For Men,https://static-01.daraz.com.bd/p/e8199f506f085dacc4194ffb914b8c43.jpg,https://static-01.daraz.com.bd/p/e8199f506f085dacc4194ffb914b8c43.jpg
Prithibi Amar Asol Thikana Noi Islamic T-Shirts For Men,https://static-01.daraz.com.bd/p/e1056828ff7baa237599e4ca79f4cc76.jpg,https://static-01.daraz.com.bd/p/e1056828ff7baa237599e4ca79f4cc76.jpg
punjabi foe man,https://bd-live-21.slatic.net/kf/Sf453733df66840b182a4ab15b3504fd1q.jpg,https://bd-live-21.slatic.net/kf/Sf453733df66840b182a4ab15b3504fd1q.jpg
High Quality Premium Panjabi,https://bd-live-21.slatic.net/kf/S1ec24c14714042b9b3a964e8402267afZ.jpg,https://bd-live-21.slatic.net/kf/S1ec24c14714042b9b3a964e8402267afZ.jpg
"Unstitched Regular Best Quality ALEX Toray Panjabi Cloth, Casual shirt, Formal Shirt Man and Woman 3.5 g",https://bd-live-21.slatic.net/kf/Sef1cbdc1403345b984f7d6f0a7ff78abL.jpg,https://bd-live-21.slatic.net/kf/Sef1cbdc1403345b984f7d6f0a7ff78abL.jpg
black drop sholder t-shirt (চাখোর) for men,https://static-01.daraz.com.bd/p/ac84bb7e514fbd04b43a8d0e9b2e8280.jpg,https://static-01.daraz.com.bd/p/ac84bb7e514fbd04b43a8d0e9b2e8280.jpg
Men's Indian Cotton Panjabi,https://static-01.daraz.com.bd/p/b23b277eaa804939b5cb5035d6ca8d56.jpg,https://static-01.daraz.com.bd/p/b23b277eaa804939b5cb5035d6ca8d56.jpg
ইন্ডিয়ান প্রিমিয়াম ফেব্রিক্স অসাধারণ ডিজাইনের পাঞ্জাবি,https://static-01.daraz.com.bd/p/35029169004fbbadc157261f7b0bd209.jpg,https://static-01.daraz.com.bd/p/35029169004fbbadc157261f7b0bd209.jpg
"Mens premium Quality, Semi long Punjabi Tenchil Cotton Punjabi",https://static-01.daraz.com.bd/p/cdcee40a5f4ae4b16bc4336da6dbd90b.jpg,https://static-01.daraz.com.bd/p/cdcee40a5f4ae4b16bc4336da6dbd90b.jpg
Robe Exclusive Rimi Cotton Katuya,https://static-01.daraz.com.bd/p/5e1711b56e40362669d0225962875f19.jpg,https://static-01.daraz.com.bd/p/5e1711b56e40362669d0225962875f19.jpg
Semi long punjabi for man new punjabi high quality punjabi,https://bd-live-21.slatic.net/kf/Sfbebbb44261d48df900bc73eab4d66d0I.jpg,https://bd-live-21.slatic.net/kf/Sfbebbb44261d48df900bc73eab4d66d0I.jpg
"Mens premium Quality, Semi long Punjabi Tenchil Cotton Punjabi",https://static-01.daraz.com.bd/p/c9683547694a5607afd61c2573eef550.jpg,https://static-01.daraz.com.bd/p/c9683547694a5607afd61c2573eef550.jpg
Sabar islamic t shirt,https://static-01.daraz.com.bd/p/aa444c53b731588ff93af934621cef67.jpg,https://static-01.daraz.com.bd/p/aa444c53b731588ff93af934621cef67.jpg
"Men's T-shirt -Fabric soft and comfortable,প্রিমিয়াম কোয়ালিটি মেন্স টিশার্ট",https://static-01.daraz.com.bd/p/bedccc7acf7ef3eba6b33aaf91522c28.jpg,https://static-01.daraz.com.bd/p/bedccc7acf7ef3eba6b33aaf91522c28.jpg
Man Panjabi,https://bd-live-21.slatic.net/kf/Sc74f4a138c3646f8b7c5c4880a53a0932.jpg,https://bd-live-21.slatic.net/kf/Sc74f4a138c3646f8b7c5c4880a53a0932.jpg
এম্ব্রটারী টেনসিল কটন পাঞ্জাবী,https://bd-live-21.slatic.net/kf/Sa8978ae972874e3ea4a94b0e947fba586.jpg,https://bd-live-21.slatic.net/kf/Sa8978ae972874e3ea4a94b0e947fba586.jpg
high quality punjabi for man made full cotton,https://bd-live-21.slatic.net/kf/S21b79b8fdd664127a2b32e2a63485487F.jpg,https://bd-live-21.slatic.net/kf/S21b79b8fdd664127a2b32e2a63485487F.jpg
টি -শার্ট চলো রবের কাছে বিক্রি হই,https://static-01.daraz.com.bd/p/209f2676c0fdde8e84e4395c0e764f91.jpg,https://static-01.daraz.com.bd/p/209f2676c0fdde8e84e4395c0e764f91.jpg
Robe Exclusive Rimi Cotton Katuya,https://static-01.daraz.com.bd/p/f3a2c29ea6828a78e9b7b47226d046bf.jpg,https://static-01.daraz.com.bd/p/f3a2c29ea6828a78e9b7b47226d046bf.jpg
Mad Koffee Eid-ul- Adha T-shirt,https://static-01.daraz.com.bd/p/8b0da004a9e895797e5e8f21e1af1198.jpg,https://static-01.daraz.com.bd/p/8b0da004a9e895797e5e8f21e1af1198.jpg
Premium Panjabi For Men,https://bd-live-21.slatic.net/kf/S0e771c8eaaef42328ae4eb868824e64db.jpg,https://bd-live-21.slatic.net/kf/S0e771c8eaaef42328ae4eb868824e64db.jpg
Cotton Punjabi for Men,https://static-01.daraz.com.bd/p/746a89de0947a8af67d2b00b12a973e2.jpg,https://static-01.daraz.com.bd/p/746a89de0947a8af67d2b00b12a973e2.jpg
Tora punjabi cloth,https://static-01.daraz.com.bd/p/4ffc5c7b4cf2eb8f290ba13edacd0db9.jpg,https://static-01.daraz.com.bd/p/4ffc5c7b4cf2eb8f290ba13edacd0db9.jpg
Robe Exclusive Rimi Cotton Katuya,https://static-01.daraz.com.bd/p/da0d919c2a998a71a86fee24ef595e8e.jpg,https://static-01.daraz.com.bd/p/da0d919c2a998a71a86fee24ef595e8e.jpg
quality full cotton Punjabi for man made in full cotton Punjabi,https://bd-live-21.slatic.net/kf/Sfc69eb5d681c4676a7c9d4a9c5b77305W.jpg,https://bd-live-21.slatic.net/kf/Sfc69eb5d681c4676a7c9d4a9c5b77305W.jpg
Tory Punjabi cloth,https://static-01.daraz.com.bd/p/4ffc5c7b4cf2eb8f290ba13edacd0db9.jpg,https://static-01.daraz.com.bd/p/4ffc5c7b4cf2eb8f290ba13edacd0db9.jpg
White T-Shirt পৃথিবী আমার আসল ঠিকানা নয়,https://static-01.daraz.com.bd/p/1456b31ed8dedca76ae1b4741a0acf53.jpg,https://static-01.daraz.com.bd/p/1456b31ed8dedca76ae1b4741a0acf53.jpg
Punjabi for man high quality punjabi new eid punjabi,https://bd-live-21.slatic.net/kf/S03ce974983534ff7bf92bf935e4f2a75U.jpg,https://bd-live-21.slatic.net/kf/S03ce974983534ff7bf92bf935e4f2a75U.jpg
Men's Indian Cotton Panjabi,https://static-01.daraz.com.bd/p/3b568db25b9411b61db654aab56016e8.jpg,https://static-01.daraz.com.bd/p/3b568db25b9411b61db654aab56016e8.jpg
Men's Indian Cotton Panjabi,https://static-01.daraz.com.bd/p/106083d4f6c58abac43a06af2ba0d2de.jpg,https://static-01.daraz.com.bd/p/106083d4f6c58abac43a06af2ba0d2de.jpg
Islam is my Deen and jannah is my dream Design T-Shirt,https://static-01.daraz.com.bd/p/4b26b1824fd97399a015a7132fbaa336.jpg,https://static-01.daraz.com.bd/p/4b26b1824fd97399a015a7132fbaa336.jpg
Al Najah - Premium T-shirt (Solution),https://static-01.daraz.com.bd/p/2eaf87e148103d841ceffd973512b3e2.jpg,https://static-01.daraz.com.bd/p/2eaf87e148103d841ceffd973512b3e2.jpg
exclusive punjabi,https://bd-live-21.slatic.net/kf/Sd64ee48d4968413fa4005b44ba9da051z.jpg,https://bd-live-21.slatic.net/kf/Sd64ee48d4968413fa4005b44ba9da051z.jpg
Tory Punjabi cloth,https://static-01.daraz.com.bd/p/4ffc5c7b4cf2eb8f290ba13edacd0db9.jpg,https://static-01.daraz.com.bd/p/4ffc5c7b4cf2eb8f290ba13edacd0db9.jpg
Salwar Kameez is a traditional outfit originating in the subcontinent. It is a generic term used to describe different styles of dress. The salwar kameez can be worn by women. The salwar and the kameez are two garments which are combined to form the salwa,https://static-01.daraz.com.bd/p/9a54d3686c182485753de0ac39698bb1.jpg,https://static-01.daraz.com.bd/p/9a54d3686c182485753de0ac39698bb1.jpg
ইন্ডিয়ান কাশ্মী পাঞ্জাবি,https://bd-live-21.slatic.net/kf/S9c5a0c337ece48b5987142c931d1dbfdi.jpg,https://bd-live-21.slatic.net/kf/S9c5a0c337ece48b5987142c931d1dbfdi.jpg
punjabi for man made in full cotton high quality punjabi,https://bd-live-21.slatic.net/kf/Sb060d7b0d4624354a45f3df43e06b486B.jpg,https://bd-live-21.slatic.net/kf/Sb060d7b0d4624354a45f3df43e06b486B.jpg
Full Sleeves Casual Shirt For Man Eid UL Fitor 2023,https://bd-live-21.slatic.net/kf/S7faa3a3994aa4daeb2a266d6c8c4c2abT.jpg,https://bd-live-21.slatic.net/kf/S7faa3a3994aa4daeb2a266d6c8c4c2abT.jpg
Salwar Kameez is a traditional outfit originating in the subcontinent. It is a generic term used to describe different styles of dress. The salwar kameez can be worn by women. The salwar and the kameez are two garments which are combined to form the salwa,https://static-01.daraz.com.bd/p/fc8c376e375d36333b4fc7b0ea0dd5ab.jpg,https://static-01.daraz.com.bd/p/fc8c376e375d36333b4fc7b0ea0dd5ab.jpg
"Mens premium Quality, Semi long Punjabi Tenchil Cotton Punjabi",https://static-01.daraz.com.bd/p/d12a961b00c85bef05ba41714f6b7672.jpg,https://static-01.daraz.com.bd/p/d12a961b00c85bef05ba41714f6b7672.jpg
punjabi for man comfortable punjabi made in full cotton,https://bd-live-21.slatic.net/kf/Sb14d75dab4c2477f8a68a82320ad269el.jpg,https://bd-live-21.slatic.net/kf/Sb14d75dab4c2477f8a68a82320ad269el.jpg
Men's Premium Quality Semi-Long - Embroidery Design -Cotton Fabric Made - Punjabi For Men,https://static-01.daraz.com.bd/p/0e898f2542fb7e163787cb4893d13dfb.jpg,https://static-01.daraz.com.bd/p/0e898f2542fb7e163787cb4893d13dfb.jpg
Chinlon men's Panjabi 22,https://static-01.daraz.com.bd/p/95b05659928a55570fdc7021ae3e6a6d.jpg,https://static-01.daraz.com.bd/p/95b05659928a55570fdc7021ae3e6a6d.jpg
Robe Exclusive Rimi Cotton Katuya,https://static-01.daraz.com.bd/p/593207583352bd1771e2547b7b2ed867.jpg,https://static-01.daraz.com.bd/p/593207583352bd1771e2547b7b2ed867.jpg
Muslim Punjabi,https://bd-live-21.slatic.net/kf/S734fd637281d49559f79f19e88da472fV.jpg,https://bd-live-21.slatic.net/kf/S734fd637281d49559f79f19e88da472fV.jpg
ইন্ডিয়ান ব্রাসু কাপরের পাঞ্জাবি,https://bd-live-21.slatic.net/kf/S84bf863bedc74a4dbaf46584ede3bd02z.jpg,https://bd-live-21.slatic.net/kf/S84bf863bedc74a4dbaf46584ede3bd02z.jpg
Fashionable Stylish Comfortable Export New & Latest Design Original Guess Casual Shirt for Men,https://bd-live-21.slatic.net/kf/S2378251f7b5649608059530948fe1483A.jpg,https://bd-live-21.slatic.net/kf/S2378251f7b5649608059530948fe1483A.jpg
punjabi for man new eid punjabi high quality punjabi,https://bd-live-21.slatic.net/kf/Sacd6103d471b465dae8fa0a8ebf2096by.jpg,https://bd-live-21.slatic.net/kf/Sacd6103d471b465dae8fa0a8ebf2096by.jpg
MEN'S BLENDED COTTON REGULAR FIT FATUA,https://static-01.daraz.com.bd/p/530959c587d00b57fa9dca0b67283e32.jpg,https://static-01.daraz.com.bd/p/530959c587d00b57fa9dca0b67283e32.jpg
GIORDANO Men Caps Letter Embroidery 100% Cotton Fashion Caps Breahtable Moisture Wicking Quality Adjustable Casual Caps 01203015,https://static-01.daraz.com.bd/p/9b6e591f9bc63e261e049cffcb5b068f.jpg,https://static-01.daraz.com.bd/p/9b6e591f9bc63e261e049cffcb5b068f.jpg
Silvia S14 Kouki Touge Baseball Cap Hat Summer Czapka Bonnet Springn Outdoor Sun Casual Mens Women Black Boys Snapback Sport,https://static-01.daraz.com.bd/p/ac594b3587f9645b9b0ef02a9174b5aa.jpg,https://static-01.daraz.com.bd/p/ac594b3587f9645b9b0ef02a9174b5aa.jpg
ICON Letter Summer Cotton Soft Slim Tshirt Tops Tee for Men Women cotton Baseball Cap Snapback Outdoor Dad Hat,https://static-01.daraz.com.bd/p/8c896367b1118c0a4e3e09210a43391e.jpg,https://static-01.daraz.com.bd/p/8c896367b1118c0a4e3e09210a43391e.jpg
Grand Tex Man's premium quality T-shirt.,https://bd-live-21.slatic.net/kf/Sdb4a1c968f8a4caf90fefd7ec3a7f780x.jpg,https://bd-live-21.slatic.net/kf/Sdb4a1c968f8a4caf90fefd7ec3a7f780x.jpg
Tory Punjabi cloth,https://static-01.daraz.com.bd/p/4ffc5c7b4cf2eb8f290ba13edacd0db9.jpg,https://static-01.daraz.com.bd/p/4ffc5c7b4cf2eb8f290ba13edacd0db9.jpg
Preimum Hafe sleep Islamic t-shirt Eid-Mobark,https://bd-live-21.slatic.net/kf/S343c31b8cbbd4c97a50fb29453878e23q.jpg,https://bd-live-21.slatic.net/kf/S343c31b8cbbd4c97a50fb29453878e23q.jpg
Salwar Kameez is a traditional outfit originating in the subcontinent. It is a generic term used to describe different styles of dress. The salwar kameez can be worn by women. The salwar and the kameez are two garments which are combined to form the salwa,https://static-01.daraz.com.bd/p/85f8f1d377826bb49e2c13c8bd55c7e4.jpg,https://static-01.daraz.com.bd/p/85f8f1d377826bb49e2c13c8bd55c7e4.jpg
Mad Koffee Eid-ul- Adha T-shirt - Black,https://static-01.daraz.com.bd/p/9459bfbba81d3381147dfeb386887e8c.jpg,https://static-01.daraz.com.bd/p/9459bfbba81d3381147dfeb386887e8c.jpg
Salwar Kameez is a traditional outfit originating in the subcontinent. It is a generic term used to describe different styles of dress. The salwar kameez can be worn by women. The salwar and the kameez are two garments which are combined to form the salwa,https://static-01.daraz.com.bd/p/9a54d3686c182485753de0ac39698bb1.jpg,https://static-01.daraz.com.bd/p/9a54d3686c182485753de0ac39698bb1.jpg
high quality punjabi for man made in full cotton,https://bd-live-21.slatic.net/kf/S6100c4e0e3664450b8a1c4e9d0f6bed2F.jpg,https://bd-live-21.slatic.net/kf/S6100c4e0e3664450b8a1c4e9d0f6bed2F.jpg
পেছ কটন পাঞ্জাবি,https://static-01.daraz.com.bd/p/d0f22f6dd96b2f4b5cd4a813a607f870.jpg,https://static-01.daraz.com.bd/p/d0f22f6dd96b2f4b5cd4a813a607f870.jpg
punjabi for man high quality punjabi made in full cotton,https://bd-live-21.slatic.net/kf/S1076254bf2bc4ab69ef44d929e49b605V.jpg,https://bd-live-21.slatic.net/kf/S1076254bf2bc4ab69ef44d929e49b605V.jpg
Salwar Kameez is a traditional outfit originating in the subcontinent. It is a generic term used to describe different styles of dress. The salwar kameez can be worn by women. The salwar and the kameez are two garments which are combined to form the salwa,https://static-01.daraz.com.bd/p/85f8f1d377826bb49e2c13c8bd55c7e4.jpg,https://static-01.daraz.com.bd/p/85f8f1d377826bb49e2c13c8bd55c7e4.jpg
New Stooble Men Si Vis Pacem Para Bellum 2021 Mens Spring Summer Dress Baseball cap Casual,https://static-01.daraz.com.bd/p/8bf3889e71ae49fd873ecfa01a98c22d.jpg,https://static-01.daraz.com.bd/p/8bf3889e71ae49fd873ecfa01a98c22d.jpg
Iced Out Watch Men Full Diamond Mens Watches Aaa Cz Quartz Men's Watch Waterproof Hip Hop Male Clock For Men,https://static-01.daraz.com.bd/p/474e223e5eda16c5792e42829a6a666d.jpg,https://static-01.daraz.com.bd/p/474e223e5eda16c5792e42829a6a666d.jpg
Simple Style Temperature Change Color Women Watch Sun UV Color Change Men Quartz Wristwatches,https://static-01.daraz.com.bd/p/f65ce44504c004479dca9d5bf0dcda86.jpg,https://static-01.daraz.com.bd/p/f65ce44504c004479dca9d5bf0dcda86.jpg
Islamic t-shirt Premium t shirt Collection for Men. New Premium Stylish Fashionable Men's T-shirt -Fabric soft and comfortable,https://static-01.daraz.com.bd/p/941590490b267fd0f724725ebc6245d5.jpg,https://static-01.daraz.com.bd/p/941590490b267fd0f724725ebc6245d5.jpg
Eid t-shirt eid mubarak t-shirt eid t shirt Collection Eid collection Premium t shirt for Men New Premium Stylish Fashionable Men's T-shirt -Fabric soft and comfortable,https://static-01.daraz.com.bd/p/87b6915985eb4d8835c9c1b06cd12089.jpg,https://static-01.daraz.com.bd/p/87b6915985eb4d8835c9c1b06cd12089.jpg
About Our Shirt. Premium Fabric That Brings Exceptional Comfort And Signature Look.This Shirt Is Tailored In A Fit That's Great For Layering And Easy To Wear.Its Perfect Design Furthers The Relaxed Attitude Of A Man Which is in a fa it That's Easy To Lay,https://bd-live-21.slatic.net/kf/Sf5f5aa2f1b3640c2bb8ba20a242f1a74a.jpg,https://bd-live-21.slatic.net/kf/Sf5f5aa2f1b3640c2bb8ba20a242f1a74a.jpg
Smile is Sunnah - Half sleeve Islamic T-Shirt for men. পুরুষদের জন্য হাফ হাতা ইসলামিক টি-শার্ট।,https://static-01.daraz.com.bd/p/384598f5c1e70c5c03c0a920e74025ab.jpg,https://static-01.daraz.com.bd/p/384598f5c1e70c5c03c0a920e74025ab.jpg
মুসাফির - Half sleeve Islamic T-Shirt for men. পুরুষদের জন্য হাফ হাতা ইসলামিক টি-শার্ট।,https://static-01.daraz.com.bd/p/e3341178965256a1ca4a3cc9db670c96.jpg,https://static-01.daraz.com.bd/p/e3341178965256a1ca4a3cc9db670c96.jpg
মাটির দেহ মাটি খাবে - Half sleeve Islamic T-Shirt for men. পুরুষদের জন্য হাফ হাতা ইসলামিক টি-শার্ট।,https://static-01.daraz.com.bd/p/30cffad78c2719198cb5722161192a1f.jpg,https://static-01.daraz.com.bd/p/30cffad78c2719198cb5722161192a1f.jpg
Original good quality Korean chic simple lapel slim slim casual short section leaking navel sweater T-shirt women,https://static-01.daraz.com.bd/p/b138597d1287c0b5740320b579254d20.jpg,https://static-01.daraz.com.bd/p/b138597d1287c0b5740320b579254d20.jpg
EK diner koshai tshirt korbani eid special tshirt,https://static-01.daraz.com.bd/p/efccd426817f83f1c3b57a6243c99ba2.jpg,https://static-01.daraz.com.bd/p/efccd426817f83f1c3b57a6243c99ba2.jpg
Ek Diner Kosai Eid special tshirt,https://static-01.daraz.com.bd/p/6e8f9cf50f8239f0515460ed5e6ac77c.jpg,https://static-01.daraz.com.bd/p/6e8f9cf50f8239f0515460ed5e6ac77c.jpg
Eid Ul Adha Special T-shirt / Kurbani t-shirt,https://static-01.daraz.com.bd/p/73a653b3b82c10a92a0d1ec623c138bd.png,https://static-01.daraz.com.bd/p/73a653b3b82c10a92a0d1ec623c138bd.png
Men's Premium Indian Quality Semi Long Panjabi,https://static-01.daraz.com.bd/p/8e3261716c595ecf9e306ebc0f878e6d.jpg,https://static-01.daraz.com.bd/p/8e3261716c595ecf9e306ebc0f878e6d.jpg
Premium Punjabi for men,https://static-01.daraz.com.bd/p/7fef947ef3b28ca53d44cbcd018aa26b.jpg,https://static-01.daraz.com.bd/p/7fef947ef3b28ca53d44cbcd018aa26b.jpg
TEMPIRE Cotton T-Shirt Black PROTIDIN Quote Typography Premium Stylish Cotton Unisex T-Shirt for Men and Women,https://static-01.daraz.com.bd/p/5253ae7b702cc64ba05ce0b89eefbbf4.jpg,https://static-01.daraz.com.bd/p/5253ae7b702cc64ba05ce0b89eefbbf4.jpg
Eid Special Premium Casual Shirt for Men,https://static-01.daraz.com.bd/p/8fded458fe6ea3cbe7066a849a733426.jpg,https://static-01.daraz.com.bd/p/8fded458fe6ea3cbe7066a849a733426.jpg
Tencil Cotton Panjabi,https://bd-live-21.slatic.net/kf/Sb8bd761184444889936b3082aa3c6ec0G.jpg,https://bd-live-21.slatic.net/kf/Sb8bd761184444889936b3082aa3c6ec0G.jpg
Western Men's Checotah Southwestern Stripe Long Sleeve Snap Western Shirt,https://static-01.daraz.com.bd/p/10bbd8877aeb84717822ccd3a2675169.jpg,https://static-01.daraz.com.bd/p/10bbd8877aeb84717822ccd3a2675169.jpg
Dhuti Cotton Fashionable Panjabi for Muslim Traditional Wear Stylish Semi Long Kaftan formen,https://bd-live-21.slatic.net/kf/S04eea48dbc31465984145b5067494d0c4.jpg,https://bd-live-21.slatic.net/kf/S04eea48dbc31465984145b5067494d0c4.jpg
Best Cotton Panjabi,https://bd-live-21.slatic.net/kf/S16ac0a78414c4d83bfc56de8ec2d9cccw.jpg,https://bd-live-21.slatic.net/kf/S16ac0a78414c4d83bfc56de8ec2d9cccw.jpg
Panjabi For Man,https://bd-live-21.slatic.net/kf/Sbd16d2eb1d8241a0bb979548c1b841ceS.jpg,https://bd-live-21.slatic.net/kf/Sbd16d2eb1d8241a0bb979548c1b841ceS.jpg
